Other / Mixed ,Unnamed: 1,Unnamed: 2
,,
medcodeid,Term,category code
142901000000119,Any other group - ethnic category 2001 census,Other / Mixed
138251000000111,Arab - ethnic category 2001 census,Other / Mixed
158361000000116,Asian and Chinese - ethnic category 2001 census,Other / Mixed
250224013,Asian origin,Other / Mixed
1968161000006115,Asian/Asian Brit: Chinese - Eng+Wales ethnic cat 2011 census,Other / Mixed
1968171000006110,Asian/Asian Brit: other Asian- Eng+Wales eth cat 2011 census,Other / Mixed
1968331000006114,Asian/Asian British: Chinese - NI ethnic cat 2011 census,Other / Mixed
1968341000006116,Asian/Asian British: other Asian - NI ethnic cat 2011 census,Other / Mixed
1968511000006114,Asian: Chinese - Scotland ethnic category 2011 census,Other / Mixed
1968521000006118,Asian: other Asian group - Scotland ethnic cat 2011 census,Other / Mixed
460154012,Black African and White,Other / Mixed
141471000000113,Black and Asian - ethnic category 2001 census,Other / Mixed
141481000000110,Black and Chinese - ethnic category 2001 census,Other / Mixed
157291000000115,Black and White - ethnic category 2001 census,Other / Mixed
460153018,Black Caribbean and White,Other / Mixed
285959014,Brit. ethnic minor. spec.(NMO),Other / Mixed
285960016,Brit. ethnic minor. unsp (NMO),Other / Mixed
141571000000114,Caribbean Asian - ethnic category 2001 census,Other / Mixed
56590016,Chinese,Other / Mixed
141401000000117,Chinese - ethnic category 2001 census,Other / Mixed
141491000000112,Chinese and White - ethnic category 2001 census,Other / Mixed
405069018,E Afric Asian/Indo-Carib (NMO),Other / Mixed
141641000000116,Filipino - ethnic category 2001 census,Other / Mixed
411584018,Indo-Caribbean (NMO),Other / Mixed
1564941000006117,Iranian,Other / Mixed
138261000000114,Iranian - ethnic category 2001 census,Other / Mixed
411582019,Iranian (NMO),Other / Mixed
1564951000006115,Iraqi,Other / Mixed
142831000000116,Israeli - ethnic category 2001 census,Other / Mixed
141631000000113,Japanese - ethnic category 2001 census,Other / Mixed
142841000000113,Kurdish - ethnic category 2001 census,Other / Mixed
142861000000114,Latin American - ethnic category 2001 census,Other / Mixed
141651000000118,Malaysian - ethnic category 2001 census,Other / Mixed
937871000006114,"Mid East (excl Israeli, Iranian & Arab) - eth cat 2001 cens",Other / Mixed
141511000000116,Mixed Asian - ethnic category 2001 census,Other / Mixed
459729014,Mixed ethnic census group,Other / Mixed
1968471000006116,Mixed/multiple ethnic grps: any- Scot ethnic cat 2011 census,Other / Mixed
1968121000006114,Mixed: other Mixed/multiple backgrd - Eng+Wales 2011 census,Other / Mixed
1968291000006119,Mixed: other Mixed/multiple ethnic backgrd - NI 2011 census,Other / Mixed
1968281000006117,Mixed: White and Asian - NI ethnic category 2011 census,Other / Mixed
1968271000006115,Mixed: White and Black African - NI ethnic cat 2011 census,Other / Mixed
1968261000006110,Mixed: White and Black Caribbean - NI ethnic cat 2011 census,Other / Mixed
1968111000006118,Mixed: White+Asian - Eng+Wales ethnic category 2011 census,Other / Mixed
1968101000006116,Mixed: White+Black African - Eng+Wales eth cat 2011 census,Other / Mixed
1968091000006110,Mixed: White+Black Caribbean - Eng+Wales eth cat 2011 census,Other / Mixed
142851000000111,Moroccan - ethnic category 2001 census,Other / Mixed
405068014,N African Arab/Iranian (NMO),Other / Mixed
286022019,New Zealand ethnic group NOS,Other / Mixed
1751731000006115,"NHS Sickle Cell and Thalassaemia Screening Programme family origin other non-European excluding African or African-Caribbean, South or South East Asian (other)",Other / Mixed
1751721000006118,"NHS Sickle Cell and Thalassaemia Screening Programme Malaysia, Vietnam, Philippines, Cambodia, Laos family origin",Other / Mixed
142811000000112,North African - ethnic category 2001 census,Other / Mixed
411581014,North African Arab (NMO),Other / Mixed
412016016,O/E - Asian origin,Other / Mixed
5580031000006118,On examination - Asian origin,Other / Mixed
141411000000115,Other - ethnic category 2001 census,Other / Mixed
286020010,Other Asian,Other / Mixed
285977016,Other Asian (NMO),Other / Mixed
141381000000117,Other Asian background - ethnic category 2001 census,Other / Mixed
459784018,Other Asian ethnic group,Other / Mixed
937651000006117,Other Asian or Asian unspecified ethnic category 2001 census,Other / Mixed
285953010,Other Black - Black/Asian orig,Other / Mixed
285952017,Other Black - Black/White orig,Other / Mixed
459785017,Other ethnic group,Other / Mixed
1968391000006113,Other ethnic group: any other grp- NI ethnic cat 2011 census,Other / Mixed
1968211000006112,Other ethnic group: Arab - Eng+Wales ethnic cat 2011 census,Other / Mixed
1968381000006110,Other ethnic group: Arab - NI ethnic category 2011 census,Other / Mixed
1968591000006116,Other ethnic grp: any other ethnic grp- Scotland 2011 census,Other / Mixed
1968581000006119,Other ethnic grp: Arab/Arab Scot/Arab British- Scotland 2011,Other / Mixed
285988010,Other ethnic NEC (NMO),Other / Mixed
285958018,Other ethnic non-mixed (NMO),Other / Mixed
285991010,"Other ethnic, Asian/White orig",Other / Mixed
4740361000006111,"Other ethnic, Asian/White origin",Other / Mixed
285990011,"Other ethnic, Black/White orig",Other / Mixed
4740341000006112,"Other ethnic, Black/White origin",Other / Mixed
285989019,"Other ethnic, mixed origin",Other / Mixed
285992015,"Other ethnic, mixed white orig",Other / Mixed
4740381000006118,"Other ethnic, mixed white origin",Other / Mixed
285993013,"Other ethnic, other mixed orig",Other / Mixed
4740401000006118,"Other ethnic, other mixed origin",Other / Mixed
1968221000006116,Other ethnic: any other grp - Eng+Wales eth cat 2011 census,Other / Mixed
141351000000111,Other Mixed background - ethnic category 2001 census,Other / Mixed
937511000006119,Other Mixed or Mixed unspecified ethnic category 2001 census,Other / Mixed
286021014,Other New Zealand ethnic group,Other / Mixed
286017019,Other Pacific ethnic group,Other / Mixed
196611000006111,RACE: Afro-caucasian,Other / Mixed
196681000006116,RACE: Mixed,Other / Mixed
138271000000119,South and Central American - ethnic category 2001 census,Other / Mixed
456650013,Vietnamese,Other / Mixed
1565951000006119,Vietnamese,Other / Mixed
141621000000111,Vietnamese - ethnic category 2001 census,Other / Mixed
141341000000113,White and Asian - ethnic category 2001 census,Other / Mixed
141331000000116,White and Black African - ethnic category 2001 census,Other / Mixed
141321000000118,White and Black Caribbean - ethnic category 2001 census,Other / Mixed
