Ex-smoker,Unnamed: 1,Unnamed: 2
,,
medcodeid,term,category code
649841000006110,Ex-smoker,ex smoker
250371017,Ex-smoker - amount unknown,ex smoker
250373019,Stopped smoking,ex smoker
250374013,Current non-smoker,ex smoker
6217281000006116,Aggressive ex-smoker,ex smoker
250385010,Date ceased smoking,ex smoker
854151000006111,Date stopped smoking,ex smoker
649851000006112,Ex- Rolled Tobacco Smoker,ex smoker
1059701000000119,Ex roll-up cigarette smoker,ex smoker
649821000006115,Ex-cigar smoker,ex smoker
418914010,Ex-cigarette smoker,ex smoker
649861000006114,Ex-Cigarette Smoker,ex smoker
250366012,Ex-heavy cigarette smoker (20-39/day),ex smoker
2735281000000119,Ex-heavy smoker (20-39/day),ex smoker
250364010,Ex-light cigarette smoker (1-9/day),ex smoker
2735381000000111,Ex-light smoker (1-9/day),ex smoker
250365011,Ex-moderate cigarette smoker (10-19/day),ex smoker
2735331000000112,Ex-moderate smoker (10-19/day),ex smoker
649831000006117,Ex-pipe smoker,ex smoker
854051000006112,Ex-pipe smoker,ex smoker
2735181000000113,Ex-smoker amount unknown,ex smoker
1154471000000114,Ex-smoker annual review,ex smoker
1123951000000110,Ex-smoker annual review - enhanced services administration,ex smoker
3513199018,Ex-smoker for less than 1 year,ex smoker
8017571000006117,Ex-smoker for more than 1 year,ex smoker
853001000006110,Ex-smoker NOS,ex smoker
903041000006110,EX-Smoker NOS,ex smoker
342602019,Ex-tobacco chewer,ex smoker
250363016,Ex-trivial cigarette smoker (<1/day),ex smoker
2735421000000119,Ex-trivial smoker (<1/day),ex smoker
250367015,Ex-very heavy cigarette smoker (40+/day),ex smoker
2735201000000112,Ex-very heavy smoker (40+/day),ex smoker
14494021000006110,Former smoker,ex smoker
6217151000006116,Intolerant ex-smoker,ex smoker
854111000006110,Past smoker,ex smoker
1151791000000117,Recently stopped smoking,ex smoker
7368971000006117,Stopped smoking before pregnancy,ex smoker
7368961000006112,Stopped smoking during pregnancy,ex smoker
4980561000006117,Time since stopped smoking,ex smoker
3374141000006117,Tolerant ex-smoker,ex smoker
